{"cameraMode":{"drawMode":0,"name":"Shaded","section":"Shading Mode"},"sceneLighting":true,"audioPlay":false,"sceneViewState":{"m_AlwaysRefresh":false,"showFog":true,"showSkybox":true,"showFlares":true,"showImageEffects":true,"showParticleSystems":true,"showVisualEffectGraphs":true,"m_FxEnabled":true},"in2DMode":false,"pivot":{"x":-99.83149719238281,"y":-62.224918365478519,"z":121.30899810791016},"rotation":{"x":0.18454834818840028,"y":-0.42908623814582827,"z":0.09063603729009628,"w":0.8796815872192383},"size":131.01246643066407,"orthographic":false}