{"cameraMode":{"drawMode":0,"name":"Shaded","section":"Shading Mode"},"sceneLighting":true,"audioPlay":false,"sceneViewState":{"m_AlwaysRefresh":false,"showFog":true,"showSkybox":true,"showFlares":true,"showImageEffects":true,"showParticleSystems":true,"showVisualEffectGraphs":true,"m_FxEnabled":true},"in2DMode":false,"pivot":{"x":-48.78367614746094,"y":2.3033502101898195,"z":89.7414321899414},"rotation":{"x":-0.0004965332336723805,"y":-0.9992865324020386,"z":0.04055281728506088,"w":0.0086985994130373},"size":2.7369847297668459,"orthographic":false}